,customer_lifetime_value,income,monthly_premium_auto,months_since_last_claim,months_since_policy_inception,number_of_open_complaints,number_of_policies,total_claim_amount
customer_lifetime_value,1.0,0.004417359635801344,0.4055427378932541,0.01575711559074877,0.010318689714500747,-0.028753396772623705,0.20171982063000865,0.24881564046140525
income,0.004417359635801344,1.0,-0.009714145886098568,-0.034757031194791024,0.014062165556655256,0.01658634742013314,0.010803397770673477,-0.21439693880289723
monthly_premium_auto,0.4055427378932541,-0.009714145886098568,1.0,0.003544557680060901,0.020067910743576865,-0.008312961206955087,-0.03313757158392824,0.6339355354443834
months_since_last_claim,0.01575711559074877,-0.034757031194791024,0.003544557680060901,1.0,-0.04467205555129845,-0.0005341637956494292,0.01578837823113975,0.0011793870108874381
months_since_policy_inception,0.010318689714500747,0.014062165556655256,0.020067910743576865,-0.04467205555129845,1.0,0.00463795358147757,-0.004630824377255533,-0.005417503777846348
number_of_open_complaints,-0.028753396772623705,0.01658634742013314,-0.008312961206955087,-0.0005341637956494292,0.00463795358147757,1.0,0.006569874468448503,-0.009070574678943491
number_of_policies,0.20171982063000865,0.010803397770673477,-0.03313757158392824,0.01578837823113975,-0.004630824377255533,0.006569874468448503,1.0,-0.02745381407302618
total_claim_amount,0.24881564046140525,-0.21439693880289723,0.6339355354443834,0.0011793870108874381,-0.005417503777846348,-0.009070574678943491,-0.02745381407302618,1.0
