,customer_lifetime_value,income,monthly_premium_auto,number_of_open_complaints,total_claim_amount
customer_lifetime_value,1.0,0.028306169237550027,0.40306946989356546,-0.030616052451132855,0.23262600327753125
income,0.028306169237550027,1.0,-0.00978755164370357,0.008425303921511357,-0.3541412225098791
monthly_premium_auto,0.40306946989356546,-0.00978755164370357,1.0,-0.010058916192840902,0.6317985607757745
number_of_open_complaints,-0.030616052451132855,0.008425303921511357,-0.010058916192840902,1.0,-0.012379782662747722
total_claim_amount,0.23262600327753125,-0.3541412225098791,0.6317985607757745,-0.012379782662747722,1.0
