,income,months_since_last_claim,months_since_policy_inception,number_of_open_complaints,number_of_policies,total_claim_amount,med_customer_lifetime_value_trans,med_monthly_premium_auto_trans
income,1.0,-0.03590657536666854,0.02197759056495387,0.010322654641258179,0.011109363236804426,-0.2431708353873426,0.03602237990600149,0.010026896886749126
months_since_last_claim,-0.03590657536666854,1.0,-0.04775707425285749,0.012111744484740661,0.016516415509940145,-0.0322599679317211,-0.0013038381281510697,-0.013351883060749182
months_since_policy_inception,0.02197759056495387,-0.04775707425285749,1.0,0.012588860551636851,-0.0055495663234224795,-0.026284420521943307,-0.007105816518653155,0.006177704887159707
number_of_open_complaints,0.010322654641258179,0.012111744484740661,0.012588860551636851,1.0,0.018210535817580125,-0.005825397782871376,-0.010399517065170356,-0.002560303728088502
number_of_policies,0.011109363236804426,0.016516415509940145,-0.0055495663234224795,0.018210535817580125,1.0,-0.032381678901379815,0.6089793057281759,-0.02060533968117029
total_claim_amount,-0.2431708353873426,-0.0322599679317211,-0.026284420521943307,-0.005825397782871376,-0.032381678901379815,1.0,0.18719225413184662,0.4465299175028587
med_customer_lifetime_value_trans,0.03602237990600149,-0.0013038381281510697,-0.007105816518653155,-0.010399517065170356,0.6089793057281759,0.18719225413184662,1.0,0.44162596109982105
med_monthly_premium_auto_trans,0.010026896886749126,-0.013351883060749182,0.006177704887159707,-0.002560303728088502,-0.02060533968117029,0.4465299175028587,0.44162596109982105,1.0
