,customer_lifetime_value,income,monthly_premium_auto,number_of_open_complaints,total_claim_amount
customer_lifetime_value,1.0,0.013773066686500964,0.40306946989356546,-0.03320271387984727,0.23262600327753125
income,0.013773066686500964,1.0,-0.006235259962441299,0.013432751384742554,-0.24457248137241475
monthly_premium_auto,0.40306946989356546,-0.006235259962441299,1.0,-0.011000855160172818,0.6317985607757745
number_of_open_complaints,-0.03320271387984727,0.013432751384742554,-0.011000855160172818,1.0,-0.010617165043425263
total_claim_amount,0.23262600327753125,-0.24457248137241475,0.6317985607757745,-0.010617165043425263,1.0
